nqubits,QCBM_batch,QCBM_cuda_batch
4,718609.0,1.528696e6
5,1.736732e6,1.901056e6
6,4.200577e6,2.290099e6
7,1.0374121e7,2.663572e6
8,2.4459753e7,3.145839e6
9,5.5067531e7,6.49307e6
10,1.24818541e8,1.3404198e7
11,3.50863667e8,2.8696448e7
12,9.59512122e8,6.1431439e7
13,2.243140677e9,1.31443444e8
14,5.022394523e9,2.81299123e8
15,1.0983148236e10,6.00260618e8
