nqubits,QCBM_batch,QCBM_cuda_batch
4,754080.0,1.221998e6
5,1.830251e6,1.402156e6
6,4.473786e6,1.630696e6
7,1.0962718e7,1.862632e6
8,2.5424083e7,3.458138e6
9,5.7953337e7,7.748297e6
10,1.35533543e8,1.6304859e7
11,4.00172726e8,3.499996e7
12,9.67724806e8,7.5446135e7
13,2.314959016e9,1.62223218e8
14,5.07072183e9,3.47818051e8
15,1.1212775342e10,7.42783316e8
