nqubits,QCBM_batch,QCBM_cuda_batch
4,716836.0,1.766198e6
5,1.735636e6,1.335973e6
6,4.21774e6,1.514534e6
7,1.0502244e7,1.807958e6
8,2.4584015e7,3.520256e6
9,5.5487991e7,7.760451e6
10,1.24361093e8,1.6275732e7
11,3.44875575e8,3.477555e7
12,9.38368426e8,7.4769313e7
13,2.206022726e9,1.60563263e8
14,4.967531417e9,3.44476457e8
15,1.0835142948e10,7.35436239e8
