nqubits,QCBM_batch,QCBM_cuda_batch
4,717298.0,1.038396e6
5,1.737244e6,2.106283e6
6,4.228737e6,1.51418e6
7,1.0385854e7,1.763855e6
8,2.4137545e7,3.440361e6
9,5.5326507e7,7.662352e6
10,1.28002418e8,1.6197766e7
11,3.43106268e8,3.4664864e7
12,8.98857934e8,7.4714215e7
13,2.115260818e9,1.6051286e8
14,4.750949803e9,3.44403457e8
15,1.0439441083e10,7.35176315e8
