nqubits,QCBM_batch,QCBM_cuda_batch
4,718238.0,1.776942e6
5,1.740172e6,1.371415e6
6,4.250125e6,1.616516e6
7,1.0575411e7,1.882269e6
8,2.4704894e7,3.570864e6
9,5.5686898e7,7.537413e6
10,1.26633221e8,1.6314196e7
11,3.70404728e8,3.4676615e7
12,9.72058607e8,7.4809876e7
13,2.330854262e9,1.60591192e8
14,5.094576921e9,3.44533614e8
15,1.1186668747e10,7.35344588e8
