nqubits,QCBM_batch,QCBM_cuda_batch
4,865694.0,2.192367e6
5,2.156076e6,2.708046e6
6,5.119506e6,3.22962e6
7,1.1774178e7,3.779509e6
8,2.6719985e7,5.447257e6
9,6.0199804e7,1.1712247e7
10,1.6222863e8,2.5402504e7
11,4.95025132e8,5.4943396e7
12,1.112524644e9,1.18846103e8
13,2.410761805e9,2.55983169e8
14,5.202064366e9,5.49266595e8
15,1.1107267222e10,1.172647578e9
