nqubits,QCBM_batch,QCBM_cuda_batch
4,719462.0,1.059946e6
5,1.741516e6,2.145007e6
6,4.391321e6,1.55669e6
7,1.0730362e7,1.809793e6
8,2.4826107e7,3.461693e6
9,5.6698687e7,7.70796e6
10,1.30508964e8,1.6217813e7
11,3.66981766e8,3.4742151e7
12,9.6864169e8,7.4752442e7
13,2.22329346e9,1.6057189e8
14,5.048005018e9,3.44354274e8
15,1.1005763813e10,7.35265066e8
