{"barenco_tof_10.qasm":{"T-count":100,"times":{"max":2.3866953e7,"min":8.991689e6,"mean":1.0852964889370933e7}},"qcla_com_7.qasm":{"T-count":95,"times":{"max":2.2788308e7,"min":1.0738982e7,"mean":1.28902993685567e7}},"rc_adder_6.qasm":{"T-count":47,"times":{"max":1.7169929e7,"min":3.852738e6,"mean":4.920364467519685e6}},"hwb6.qasm":{"T-count":75,"times":{"max":1.3209338e7,"min":5.944639e6,"mean":6.513249216145833e6}},"gf2^7_mult.qasm":{"T-count":217,"times":{"max":2.5660322e7,"min":1.6782621e7,"mean":1.836012632234432e7}},"hwb10.qasm":{"T-count":15891,"times":{"max":2.5390065145e10,"min":2.5390065145e10,"mean":2.5390065145e10}},"qcla_mod_7.qasm":{"T-count":237,"times":{"max":4.683687e7,"min":2.6535005e7,"mean":3.0500234951515153e7}},"qft_4.qasm":{"T-count":67,"times":{"max":1.2120373e7,"min":2.089089e6,"mean":2.5336090774291498e6}},"gf2^10_mult.qasm":{"T-count":410,"times":{"max":5.7256901e7,"min":4.1267391e7,"mean":4.470910773214286e7}},"mod_adder_1024.qasm":{"T-count":1011,"times":{"max":1.76334288e8,"min":1.46644064e8,"mean":1.600231075625e8}},"gf2^6_mult.qasm":{"T-count":150,"times":{"max":2.5878477e7,"min":1.1600316e7,"mean":1.4558348761627907e7}},"barenco_tof_5.qasm":{"T-count":40,"times":{"max":1.3683188e7,"min":3.07347e6,"mean":3.762634635063958e6}},"grover_5.qasm":{"T-count":166,"times":{"max":2.7673224e7,"min":2.106701e7,"mean":2.272653176470588e7}},"ham15-med.qasm":{"T-count":212,"times":{"max":9.3706899e7,"min":4.7917196e7,"mean":5.926755669411765e7}},"gf2^4_mult.qasm":{"T-count":68,"times":{"max":1.103233e7,"min":4.668559e6,"mean":5.459561504907306e6}},"gf2^8_mult.qasm":{"T-count":264,"times":{"max":3.9749153e7,"min":2.3718497e7,"mean":2.6340898294736844e7}},"gf2^64_mult.qasm":{"T-count":16448,"times":{"max":8.984437454e9,"min":8.984437454e9,"mean":8.984437454e9}},"barenco_tof_3.qasm":{"T-count":16,"times":{"max":5.517232e6,"min":965356.0,"mean":1.1112631456202758e6}},"gf2^9_mult.qasm":{"T-count":351,"times":{"max":3.7854958e7,"min":2.8113414e7,"mean":3.090434649382716e7}},"tof_5.qasm":{"T-count":31,"times":{"max":1.3569274e7,"min":1.753282e6,"mean":2.144034635077187e6}},"mod_mult_55.qasm":{"T-count":35,"times":{"max":1.1603118e7,"min":2.344938e6,"mean":2.9167708074679114e6}},"barenco_tof_4.qasm":{"T-count":28,"times":{"max":8.835674e6,"min":2.014335e6,"mean":2.3602289212264153e6}},"mod_adder_1048576.qasm":{"T-count":7764,"times":{"max":3.835061444e9,"min":3.226614688e9,"mean":3.530838066e9}},"vbe_adder_3.qasm":{"T-count":24,"times":{"max":1.1589998e7,"min":3.079357e6,"mean":3.737839376681614e6}},"qcla_adder_10.qasm":{"T-count":162,"times":{"max":2.446397e7,"min":1.2247505e7,"mean":1.494293995522388e7}},"gf2^16_mult.qasm":{"T-count":1040,"times":{"max":2.8955543e8,"min":1.39942359e8,"mean":1.5675402975e8}},"ham15-high.qasm":{"T-count":1019,"times":{"max":4.84690479e8,"min":2.71267697e8,"mean":2.880734177368421e8}},"ham15-low.qasm":{"T-count":97,"times":{"max":3.069606e7,"min":1.2601942e7,"mean":1.437156843678161e7}},"adder_8.qasm":{"T-count":173,"times":{"max":3.4765418e7,"min":2.6883304e7,"mean":2.990522226190476e7}},"cycle_17_3.qasm":{"T-count":2101,"times":{"max":8.21072432e8,"min":6.45200095e8,"mean":7.178949058571428e8}},"gf2^5_mult.qasm":{"T-count":115,"times":{"max":1.4943649e7,"min":7.773157e6,"mean":9.13474665328467e6}},"csum_mux_9.qasm":{"T-count":84,"times":{"max":1.6271072e7,"min":9.256019e6,"mean":1.074161401502146e7}},"tof_10.qasm":{"T-count":71,"times":{"max":1.823553e7,"min":4.635499e6,"mean":5.875340199764983e6}},"tof_4.qasm":{"T-count":23,"times":{"max":1.045359e7,"min":1.259458e6,"mean":1.5788048673404928e6}},"gf2^32_mult.qasm":{"T-count":4128,"times":{"max":1.213592009e9,"min":1.028414991e9,"mean":1.1039625934e9}},"hwb8.qasm":{"T-count":3517,"times":{"max":1.924494918e9,"min":1.660250747e9,"mean":1.7630582696666667e9}},"mod5_4.qasm":{"T-count":8,"times":{"max":9.441549e6,"min":1.090494e6,"mean":1.2910017523243802e6}},"mod_red_21.qasm":{"T-count":73,"times":{"max":1.9916719e7,"min":5.523523e6,"mean":6.786721732700136e6}},"tof_3.qasm":{"T-count":15,"times":{"max":9.654644e6,"min":756690.0,"mean":951836.1603504095}},"csla_mux_3.qasm":{"T-count":62,"times":{"max":8.701711e6,"min":3.17176e6,"mean":3.6527846515704896e6}}}