nqubits,QCBM_batch,QCBM_cuda_batch
4,715702.0,1.029521e6
5,1.734009e6,1.301899e6
6,4.236724e6,1.510411e6
7,1.0516411e7,1.731398e6
8,2.4644631e7,3.389826e6
9,5.5565275e7,7.606364e6
10,1.2504366e8,1.6284551e7
11,3.61455441e8,3.4948675e7
12,1.010971742e9,7.5437498e7
13,2.361159091e9,1.6217777e8
14,5.280866122e9,3.47838492e8
15,1.1516064192e10,7.42756614e8
