{"CRx(0.5)":{"nqubits":[4,5,6,7,8,9,10,11,12,13,14,15,16,17,18,19,20,21,22,23,24,25],"times":[5636.666666666667,5713.166666666667,7244.0,5943.0,6230.4,6729.2,7522.25,9554.0,12820.0,19529.0,32502.0,62957.0,133371.0,246612.0,458000.0,1.001208e6,2.122003e6,4.58782e6,9.645289e6,2.0319397e7,4.1062671e7,8.2584382e7]},"T":{"nqubits":[4,5,6,7,8,9,10,11,12,13,14,15,16,17,18,19,20,21,22,23,24,25],"times":[70.98151950718686,82.96357960457857,118.61159737417942,185.00900900900902,325.93392070484583,558.7555555555556,1089.3,2132.777777777778,5234.857142857143,10375.0,16161.0,32155.0,76923.0,173394.0,341392.0,703241.0,1.65039e6,3.638763e6,7.705228e6,1.5867869e7,3.2087961e7,6.4492607e7]},"QCBM (batch) (cuda)":{"nqubits":[4,5,6,7,8,9,10,11,12,13,14,15],"times":[1.106132e6,1.394083e6,1.56577e6,1.80386e6,2.087599e6,3.709006e6,8.716593e6,1.8232253e7,3.8634298e7,8.2139223e7,1.75073095e8,3.72260993e8]},"QCBM (cuda)":{"nqubits":[4,5,6,7,8,9,10,11,12,13,14,15,16,17,18,19,20,21,22,23,24,25],"times":[1.051244e6,1.319272e6,1.557518e6,1.81844e6,2.08538e6,2.306482e6,2.565935e6,2.780066e6,3.020893e6,3.21131e6,3.455985e6,3.783393e6,3.991575e6,4.202418e6,4.493211e6,7.342157e6,1.6785283e7,3.4156116e7,7.017347e7,1.44980039e8,3.00752079e8,6.24152045e8]},"Toffoli":{"nqubits":[4,5,6,7,8,9,10,11,12,13,14,15,16,17,18,19,20,21,22,23,24,25],"times":[57.448170731707314,65.3585291113381,86.60498960498961,135.09851088201603,215.53488372093022,386.470297029703,723.8947368421053,1416.8,2770.3333333333335,5338.0,10641.0,21782.0,45865.0,96769.0,192417.0,541506.0,1.492228e6,3.445784e6,7.549869e6,1.6215407e7,3.3096454e7,6.6956009e7]},"H":{"nqubits":[4,5,6,7,8,9,10,11,12,13,14,15,16,17,18,19,20,21,22,23,24,25],"times":[93.2050209205021,125.00867410161091,191.8765133171913,326.563981042654,602.2189349112426,1131.9,2218.777777777778,4691.428571428572,10900.0,21636.0,34966.0,69933.0,214387.0,334255.0,647036.0,1.482704e6,3.100677e6,6.505726e6,1.336553e7,2.9451347e7,5.4474324e7,1.09752552e8]},"Rx(0.5)":{"nqubits":[4,5,6,7,8,9,10,11,12,13,14,15,16,17,18,19,20,21,22,23,24,25],"times":[5705.6,5807.833333333333,7423.0,7695.75,6656.0,7514.5,11527.0,15930.0,19230.0,40641.0,58254.0,112820.0,231441.0,446770.0,879050.0,1.839306e6,3.627978e6,7.290283e6,1.491615e7,3.0051661e7,6.0584396e7,1.19258112e8]},"X":{"nqubits":[4,5,6,7,8,9,10,11,12,13,14,15,16,17,18,19,20,21,22,23,24,25],"times":[54.83857868020304,64.31869254341164,95.01150627615063,165.7839262187088,278.8379310344828,507.419689119171,910.3913043478261,1900.0,3428.5,6772.0,13585.0,27502.0,56204.0,112897.0,239007.0,539481.0,1.386911e6,3.070627e6,6.745639e6,1.4226745e7,2.9370085e7,5.8235957e7]},"Rz(0.5)":{"nqubits":[4,5,6,7,8,9,10,11,12,13,14,15,16,17,18,19,20,21,22,23,24,25],"times":[5039.666666666667,5413.5,5469.833333333333,5654.666666666667,5878.166666666667,6030.0,7292.5,8636.666666666666,11315.0,17331.0,30471.0,56024.0,117158.0,218233.0,406706.0,837414.0,1.94725e6,4.312141e6,8.997732e6,1.8633807e7,3.7828207e7,7.5439516e7]},"CNOT":{"nqubits":[4,5,6,7,8,9,10,11,12,13,14,15,16,17,18,19,20,21,22,23,24,25],"times":[94.78187565858799,110.14994606256742,129.361014994233,178.7337367624811,281.21942446043164,479.14948453608247,871.7321428571429,1693.3,3282.75,6772.4,12356.0,25371.0,52296.0,106137.0,209689.0,526235.0,1.378769e6,3.040091e6,6.483301e6,1.3425718e7,2.7235246e7,5.5114135e7]},"QCBM":{"nqubits":[4,5,6,7,8,9,10,11,12,13,14,15,16,17,18,19,20,21,22,23,24,25],"times":[44595.0,47369.0,63047.0,87107.0,130059.0,213781.0,385828.0,755934.0,1.511666e6,3.117887e6,6.54852e6,1.3929926e7,3.1474656e7,6.765728e7,1.3704184e8,2.85819719e8,6.18544372e8,1.492111853e9,3.365317328e9,7.308712686e9,1.6118791523e10,3.1250854907e10]},"QCBM (batch)":{"nqubits":[4,5,6,7,8,9,10,11,12,13,14,15],"times":[1.429138e6,3.531829e6,8.862553e6,2.1802129e7,5.0560435e7,1.12103341e8,2.50841039e8,6.12748502e8,1.421821958e9,3.176329441e9,7.042723241e9,1.491604304e10]}}