{"CRx(0.5)":{"nqubits":[4,5,6,7,8,9,10,11,12,13,14,15,16,17,18,19,20,21,22,23,24,25],"times":[5422.0,5504.0,5623.333333333333,5789.5,6137.2,6966.4,8149.0,10645.0,14933.0,23892.0,41977.0,81569.0,177289.0,336330.0,665266.0,1.466232e6,2.827498e6,5.776796e6,1.1948112e7,2.4316675e7,4.6832019e7,9.5345425e7]},"T":{"nqubits":[4,5,6,7,8,9,10,11,12,13,14,15,16,17,18,19,20,21,22,23,24,25],"times":[33.29707955689829,49.459979736575484,82.40103626943005,148.3178391959799,287.40942028985506,552.7,1084.5,2618.5555555555557,4033.714285714286,8017.333333333333,16008.0,31957.0,69418.0,138324.0,277066.0,807140.0,1.685372e6,3.716684e6,8.961589e6,1.8037185e7,3.5709901e7,6.9069125e7]},"QCBM (batch) (cuda)":{"nqubits":[4,5,6,7,8,9,10,11,12,13,14,15],"times":[1.240003e6,1.428159e6,1.728964e6,2.010984e6,2.352949e6,3.715068e6,8.705029e6,1.8305912e7,3.8648046e7,8.2254054e7,1.75167711e8,3.72372304e8]},"QCBM (cuda)":{"nqubits":[4,5,6,7,8,9,10,11,12,13,14,15,16,17,18,19,20,21,22,23,24,25],"times":[1.055382e6,1.310174e6,1.53676e6,1.80685e6,2.038536e6,2.278339e6,2.776407e6,2.777133e6,3.051773e6,3.28656e6,3.558933e6,3.832576e6,4.143184e6,4.426003e6,4.683283e6,7.415783e6,1.6797945e7,3.4143381e7,7.01164e7,1.44907923e8,3.00265482e8,6.23247341e8]},"Toffoli":{"nqubits":[4,5,6,7,8,9,10,11,12,13,14,15,16,17,18,19,20,21,22,23,24,25],"times":[22.3925702811245,33.730110775427995,57.108850457782296,110.48435814455232,203.45344827586206,393.1732673267327,768.7086614173228,1482.6,2884.6666666666665,6067.166666666667,11438.0,24159.0,49501.0,103144.0,207379.0,940445.0,1.496589e6,3.710552e6,7.761146e6,1.715608e7,3.4551795e7,6.8749962e7]},"H":{"nqubits":[4,5,6,7,8,9,10,11,12,13,14,15,16,17,18,19,20,21,22,23,24,25],"times":[53.4751269035533,86.98125,154.77447335811647,288.3065693430657,565.5729729729729,1108.6,2144.8888888888887,4532.0,8760.0,17472.0,34750.0,69470.0,159073.0,314158.0,642294.0,1.345923e6,2.927847e6,5.940244e6,1.2185847e7,2.4691607e7,4.8519965e7,9.7728396e7]},"X":{"nqubits":[4,5,6,7,8,9,10,11,12,13,14,15,16,17,18,19,20,21,22,23,24,25],"times":[26.56884422110553,45.621840242669364,83.27489626556017,165.9604743083004,315.0590717299578,615.2737430167598,1176.5,2319.8888888888887,4590.285714285715,9153.0,18283.0,38615.0,77323.0,155425.0,358911.0,856957.0,1.836981e6,3.804571e6,7.577067e6,1.6022231e7,3.3279599e7,6.7700722e7]},"Rz":{"nqubits":[4,5,6,7,8,9,10,11,12,13,14,15,16,17,18,19,20,21,22,23,24,25],"times":[80.44984488107549,110.16396979503776,170.5047233468286,288.9889705882353,634.0545454545454,1501.0,3143.75,6525.0,11595.0,25102.0,46094.0,92594.0,203456.0,396149.0,810473.0,1.813459e6,3.90568e6,7.937935e6,1.6164487e7,3.2474505e7,6.5109189e7,1.31391227e8]},"CNOT":{"nqubits":[4,5,6,7,8,9,10,11,12,13,14,15,16,17,18,19,20,21,22,23,24,25],"times":[55.8770325203252,66.99897645854657,91.52565445026178,146.76081730769232,244.09137055837564,436.95959595959596,822.7684210526315,1639.8,3011.5,6278.833333333333,11803.0,23653.0,52565.0,103492.0,212316.0,843387.0,1.611214e6,3.499215e6,7.528412e6,1.6010517e7,3.2066345e7,6.1682995e7]},"Rx":{"nqubits":[4,5,6,7,8,9,10,11,12,13,14,15,16,17,18,19,20,21,22,23,24,25],"times":[73.9454732510288,101.90552016985139,158.31944444444446,270.53548387096777,504.440414507772,961.0909090909091,1868.8,3841.875,7335.75,14588.0,29051.0,58248.0,121369.0,240012.0,480947.0,1.053724e6,2.327428e6,4.907114e6,1.0431328e7,2.0487681e7,4.6041121e7,9.2330442e7]},"QCBM":{"nqubits":[4,5,6,7,8,9,10,11,12,13,14,15,16,17,18,19,20,21,22,23,24,25],"times":[32747.0,42542.0,55877.0,77314.0,115154.0,184257.0,334683.0,654600.0,1.333957e6,2.764157e6,5.780031e6,1.2243927e7,2.729159e7,5.9017137e7,1.21786034e8,2.55391507e8,5.67441015e8,1.474692394e9,3.277267675e9,6.925686785e9,1.435605576e10,3.0170780082e10]},"QCBM (batch)":{"nqubits":[4,5,6,7,8,9,10,11,12,13,14,15],"times":[1.791386e6,4.424043e6,1.0920613e7,2.6701971e7,6.069731e7,1.33602717e8,2.97402081e8,7.26016621e8,1.409110974e9,3.152374234e9,6.905478938e9,1.495175624e10]}}