{"CRx(0.5)":{"nqubits":[4,5,6,7,8,9,10,11,12,13,14,15,16,17,18,19,20,21,22,23,24,25],"times":[7235.0,7272.0,7762.75,8815.25,8905.333333333334,9886.666666666666,8953.0,12196.0,18449.0,21915.0,35838.0,67757.0,142160.0,266644.0,462595.0,1.219682e6,2.324344e6,4.78012e6,1.0094385e7,2.0407374e7,4.2600945e7,1.04478302e8]},"T":{"nqubits":[4,5,6,7,8,9,10,11,12,13,14,15,16,17,18,19,20,21,22,23,24,25],"times":[72.22302904564316,87.84895833333333,139.983682983683,185.87549407114625,326.8738317757009,691.0135135135135,1123.9,3108.4444444444443,5234.5,10139.0,17145.0,33944.0,100465.0,176336.0,351345.0,877321.0,2.119225e6,4.568909e6,8.637913e6,1.8688047e7,3.6095719e7,7.4333946e7]},"QCBM (batch) (cuda)":{"nqubits":[4,5,6,7,8,9,10,11,12,13,14,15],"times":[1.323659e6,1.518136e6,1.623149e6,1.916882e6,2.216413e6,3.764547e6,8.557095e6,1.8252929e7,3.847726e7,8.2101637e7,1.75092068e8,3.72371485e8]},"QCBM (cuda)":{"nqubits":[4,5,6,7,8,9,10,11,12,13,14,15,16,17,18,19,20,21,22,23,24,25],"times":[1.093685e6,1.345148e6,1.632829e6,1.843128e6,2.076321e6,2.363542e6,2.791884e6,2.877477e6,3.133261e6,3.246718e6,3.678879e6,3.973546e6,4.212376e6,4.378061e6,4.968174e6,7.472308e6,1.6897703e7,3.4100907e7,7.0232421e7,1.45105907e8,3.00825381e8,6.24269565e8]},"Toffoli":{"nqubits":[4,5,6,7,8,9,10,11,12,13,14,15,16,17,18,19,20,21,22,23,24,25],"times":[56.789205702647656,70.35794871794872,90.0855614973262,141.3675889328063,229.70288248337027,410.125,769.0277777777778,1571.4,2776.8888888888887,5800.833333333333,10927.0,23048.0,48619.0,101517.0,196582.0,800066.0,1.821699e6,3.682379e6,8.37144e6,1.7220897e7,3.4992565e7,7.0880903e7]},"H":{"nqubits":[4,5,6,7,8,9,10,11,12,13,14,15,16,17,18,19,20,21,22,23,24,25],"times":[115.8474945533769,158.58585858585857,280.2421052631579,408.3076923076923,755.3247863247864,1662.1,2776.6666666666665,6463.833333333333,12869.0,25542.0,43716.0,111090.0,211541.0,412720.0,815934.0,1.958972e6,3.63211e6,7.643345e6,1.5088143e7,3.0266769e7,6.6766989e7,1.26542677e8]},"Rx(0.5)":{"nqubits":[4,5,6,7,8,9,10,11,12,13,14,15,16,17,18,19,20,21,22,23,24,25],"times":[8727.5,7601.0,7787.25,9429.333333333334,10109.0,11396.0,13897.0,16386.0,24722.0,36221.0,61877.0,120959.0,246696.0,486027.0,1.044967e6,1.883458e6,3.946092e6,7.86063e6,1.5473778e7,3.1942809e7,6.1470475e7,1.23501625e8]},"X":{"nqubits":[4,5,6,7,8,9,10,11,12,13,14,15,16,17,18,19,20,21,22,23,24,25],"times":[67.43309499489274,79.24070247933884,111.28819068255687,194.76517571884983,326.191570881226,580.6524064171123,978.3,2305.4,3729.75,7352.75,14608.0,29206.0,58916.0,140256.0,236448.0,638774.0,1.555493e6,3.410455e6,7.382572e6,1.4894004e7,2.9781559e7,5.5992828e7]},"Rz(0.5)":{"nqubits":[4,5,6,7,8,9,10,11,12,13,14,15,16,17,18,19,20,21,22,23,24,25],"times":[6317.666666666667,6389.666666666667,6520.0,5699.833333333333,6952.25,7584.4,8553.5,12163.0,12096.0,18519.0,30811.0,72258.0,127849.0,239847.0,479690.0,1.174519e6,2.342055e6,4.607569e6,9.733864e6,1.9028745e7,3.8383639e7,7.7449398e7]},"CNOT":{"nqubits":[4,5,6,7,8,9,10,11,12,13,14,15,16,17,18,19,20,21,22,23,24,25],"times":[97.90668080593849,129.36756756756756,159.75637755102042,187.78658536585365,347.7843866171004,588.5759162303665,920.9444444444445,2112.6,3256.75,6770.4,12712.0,26774.0,63929.0,110375.0,227581.0,662092.0,1.568919e6,3.373534e6,6.900551e6,1.449357e7,2.8791672e7,5.9426232e7]},"QCBM":{"nqubits":[4,5,6,7,8,9,10,11,12,13,14,15,16,17,18,19,20,21,22,23,24,25],"times":[50517.0,65798.0,86273.0,117543.0,170318.0,276341.0,491414.0,953584.0,1.90299e6,3.143845e6,8.159697e6,1.7159356e7,3.775937e7,8.1543189e7,1.61212706e8,3.60120053e8,8.95450432e8,2.01380883e9,4.352004585e9,8.858287786e9,2.2017002184e10,4.3664487526e10]},"QCBM (batch)":{"nqubits":[4,5,6,7,8,9,10,11,12,13,14,15],"times":[1.796974e6,4.428888e6,1.1018744e7,2.6889514e7,6.1150618e7,1.35604381e8,3.50039192e8,8.22366396e8,1.855347199e9,4.242411095e9,1.0265075311e10,2.1667240724e10]}}