{"QCBM (cuda)":{"nqubits":[4,5,6,7,8,9,10,11,12,13,14,15,16,17,18,19,20,21,22,23,24,25],"times":[1.124901e6,1.408341e6,1.720797e6,1.985899e6,2.202981e6,2.530395e6,2.759786e6,2.994499e6,3.305923e6,3.546765e6,3.910406e6,4.167169e6,4.401618e6,4.712352e6,6.099711e6,1.3092971e7,2.6663106e7,5.4803114e7,1.1380973e8,2.36828225e8,4.92687548e8,1.024446955e9]},"CRx(0.5)":{"nqubits":[4,5,6,7,8,9,10,11,12,13,14,15,16,17,18,19,20,21,22,23,24,25],"times":[5926.666666666667,6294.0,6069.8,6221.4,6463.0,6879.8,7702.5,9627.0,12837.0,19043.0,30963.0,59125.0,126179.0,239016.0,441998.0,905473.0,1.891459e6,4.565347e6,9.707763e6,2.071085e7,4.2616833e7,8.6418152e7]},"X":{"nqubits":[4,5,6,7,8,9,10,11,12,13,14,15,16,17,18,19,20,21,22,23,24,25],"times":[48.44635627530364,56.64292980671414,78.20351239669421,133.00114285714287,229.90582959641256,422.8391959798995,808.7528089887641,1579.9,2981.125,5752.4,10630.0,21133.0,49735.0,102159.0,205433.0,435600.0,1.19827e6,3.05197e6,6.637333e6,1.4373506e7,2.9886278e7,6.0978703e7]},"T":{"nqubits":[4,5,6,7,8,9,10,11,12,13,14,15,16,17,18,19,20,21,22,23,24,25],"times":[63.414708886618996,76.60268317853458,110.51779935275081,177.9276595744681,318.82832618025753,588.4833333333333,1132.8,2228.777777777778,4393.0,8716.666666666666,17368.0,34645.0,83195.0,147132.0,318965.0,733631.0,1.527476e6,3.736731e6,8.038069e6,1.7194185e7,3.547732e7,7.1955323e7]},"QCBM (batch) (cuda)":{"nqubits":[4,5,6,7,8,9,10,11,12,13,14,15],"times":[1.3037e6,1.431176e6,1.689826e6,2.05083e6,3.59575e6,7.650972e6,1.6412633e7,3.5076108e7,7.5346371e7,1.62062035e8,3.47349954e8,7.41523436e8]},"CNOT":{"nqubits":[4,5,6,7,8,9,10,11,12,13,14,15,16,17,18,19,20,21,22,23,24,25],"times":[84.87227414330218,89.02087682672234,105.1049250535332,138.28904428904428,210.30555555555554,341.1488372093023,604.2215909090909,1165.1,2221.222222222222,4331.714285714285,8555.666666666666,17044.0,36792.0,81035.0,161567.0,495718.0,1.100161e6,2.871971e6,6.387793e6,1.4024587e7,2.9369986e7,5.9940286e7]},"Toffoli":{"nqubits":[4,5,6,7,8,9,10,11,12,13,14,15,16,17,18,19,20,21,22,23,24,25],"times":[52.25659229208925,59.71486761710794,91.74450261780105,147.52848484848485,254.31830985915494,466.734693877551,894.8181818181819,1761.0,3474.875,6897.0,13764.0,27421.0,55152.0,113115.0,226664.0,656639.0,1.36972e6,3.225202e6,6.879022e6,1.4834982e7,3.0681868e7,6.2438882e7]},"QCBM":{"nqubits":[4,5,6,7,8,9,10,11,12,13,14,15,16,17,18,19,20,21,22,23,24,25],"times":[30545.0,40218.0,53375.0,72595.0,109052.0,180266.0,326330.0,646012.0,1.305624e6,2.697967e6,5.654808e6,1.1909813e7,2.636853e7,5.8438617e7,1.20495504e8,2.49050317e8,5.1775121e8,1.260588676e9,3.067730838e9,6.700616633e9,1.4209814385e10,2.9816379178e10]},"QCBM (batch)":{"nqubits":[4,5,6,7,8,9,10,11,12,13,14,15],"times":[1.276016e6,3.155436e6,7.774346e6,1.910821e7,4.3687305e7,9.7865083e7,2.17677069e8,5.32612738e8,1.307166773e9,2.951445961e9,6.500568334e9,1.412637318e10]},"H":{"nqubits":[4,5,6,7,8,9,10,11,12,13,14,15,16,17,18,19,20,21,22,23,24,25],"times":[83.40913811007269,112.91874322860238,175.55354659248957,301.23622047244095,556.6432432432432,1068.2,2064.1111111111113,4205.285714285715,8643.666666666666,18460.0,32755.0,64020.0,153848.0,301578.0,598084.0,1.225117e6,2.435858e6,5.401858e6,1.1437848e7,2.4134786e7,4.9628746e7,1.00586302e8]}}