{"CRx(0.5)":{"nqubits":[4,5,6,7,8,9,10,11,12,13,14,15,16,17,18,19,20,21,22,23,24,25],"times":[7122.0,7202.0,7329.6,7498.75,7795.5,8409.4,9511.0,12050.0,16254.0,20062.0,33995.0,67622.0,138864.0,255299.0,499805.0,1.224226e6,2.413117e6,4.851538e6,1.0029007e7,2.0046291e7,4.0231056e7,8.0363905e7]},"T":{"nqubits":[4,5,6,7,8,9,10,11,12,13,14,15,16,17,18,19,20,21,22,23,24,25],"times":[72.51848049281314,88.00319488817891,119.66550522648083,216.80029806259316,326.18957345971563,588.1444444444444,1178.6,2663.222222222222,6101.571428571428,10037.0,19945.0,33962.0,86316.0,175827.0,370900.0,810081.0,2.064758e6,4.298964e6,9.081835e6,2.0001943e7,4.0120682e7,8.258644e7]},"QCBM (batch) (cuda)":{"nqubits":[4,5,6,7,8,9,10,11,12,13,14,15],"times":[1.236275e6,1.469544e6,1.682831e6,2.175135e6,2.241291e6,3.776449e6,8.546923e6,1.8158131e7,3.8559507e7,8.2025517e7,1.7502e8,3.72184382e8]},"QCBM (cuda)":{"nqubits":[4,5,6,7,8,9,10,11,12,13,14,15,16,17,18,19,20,21,22,23,24,25],"times":[1.224947e6,1.330859e6,1.57463e6,1.942253e6,2.096946e6,2.535196e6,2.814598e6,3.416389e6,3.146871e6,3.905893e6,3.87566e6,4.500508e6,4.373746e6,5.145465e6,4.848452e6,7.331875e6,1.6747006e7,3.4151899e7,7.0088239e7,1.45059569e8,3.00766814e8,6.24448356e8]},"Toffoli":{"nqubits":[4,5,6,7,8,9,10,11,12,13,14,15,16,17,18,19,20,21,22,23,24,25],"times":[61.503054989816704,67.76229508196721,93.62993762993763,125.19333333333333,192.11006289308176,322.3640350877193,589.3333333333334,1130.7,2008.111111111111,4057.4285714285716,8062.0,16173.0,37542.0,88387.0,180743.0,631782.0,1.674985e6,3.695408e6,8.187237e6,1.7386187e7,3.5445943e7,6.9495793e7]},"H":{"nqubits":[4,5,6,7,8,9,10,11,12,13,14,15,16,17,18,19,20,21,22,23,24,25],"times":[112.88600451467269,179.60579710144927,276.9793103448276,402.43367346938777,875.8739495798319,1428.5,2770.4444444444443,6518.6,11106.0,21959.0,35016.0,99995.0,216253.0,337762.0,854254.0,1.871045e6,3.677265e6,8.35243e6,1.5457394e7,3.3461589e7,6.5749002e7,1.32562321e8]},"X":{"nqubits":[4,5,6,7,8,9,10,11,12,13,14,15,16,17,18,19,20,21,22,23,24,25],"times":[67.11848825331971,78.61323681489142,110.92826552462527,152.94327990135636,242.24435318275155,357.79899497487435,659.3154761904761,1362.5,2517.6666666666665,4950.0,9214.0,18456.0,40384.0,83500.0,214563.0,629899.0,1.488574e6,3.371959e6,6.83117e6,1.4320951e7,2.8393927e7,5.9946341e7]},"Rz":{"nqubits":[4,5,6,7,8,9,10,11,12,13,14,15,16,17,18,19,20,21,22,23,24,25],"times":[5442.333333333333,5452.5,5547.666666666667,5716.6,5933.2,6663.4,7332.0,10966.0,12070.0,18110.0,30987.0,60565.0,123543.0,219845.0,415618.0,880895.0,2.137773e6,4.294128e6,1.1401183e7,1.792573e7,3.7261439e7,7.5404765e7]},"CNOT":{"nqubits":[4,5,6,7,8,9,10,11,12,13,14,15,16,17,18,19,20,21,22,23,24,25],"times":[98.9090909090909,110.07982740021575,136.1237113402062,184.56065088757396,272.4429223744292,573.9430051813472,885.76,1727.5,3123.75,6467.8,12857.0,24131.0,52754.0,106601.0,215251.0,829133.0,1.697702e6,3.507419e6,7.087385e6,1.5201045e7,2.985337e7,6.2105809e7]},"Rx":{"nqubits":[4,5,6,7,8,9,10,11,12,13,14,15,16,17,18,19,20,21,22,23,24,25],"times":[8382.25,7303.25,7534.0,7811.75,8385.666666666666,9448.0,13172.0,17940.0,23111.0,37181.0,61434.0,118161.0,239857.0,480538.0,933455.0,1.976269e6,3.844049e6,7.617341e6,1.4921426e7,3.0018552e7,6.2374336e7,1.27005296e8]},"QCBM":{"nqubits":[4,5,6,7,8,9,10,11,12,13,14,15,16,17,18,19,20,21,22,23,24,25],"times":[44321.0,58890.0,65290.0,86404.0,161028.0,263659.0,382866.0,748488.0,1.504746e6,3.847386e6,8.041595e6,1.5615807e7,3.4205496e7,7.7729591e7,1.46140464e8,3.3658527e8,7.41554688e8,1.833949031e9,4.085672338e9,8.213257426e9,1.8736020476e10,3.5306767938e10]},"QCBM (batch)":{"nqubits":[4,5,6,7,8,9,10,11,12,13,14,15],"times":[1.786193e6,4.416886e6,1.0830929e7,2.6436251e7,6.098272e7,1.33925002e8,3.17188575e8,7.37026684e8,1.728939311e9,3.729443602e9,8.039564285e9,1.8739383004e10]}}